id,time_d_matrix,time_clust,time_total,N3_easycategs_ml_1,N3_easycategs_ml_100,N3_random_ml_1,N3_random_ml_100,N3_1,N3_100,N2,CI,CI_categs_constr,cluster,categs_constr_count,elem_qtt
hierarq_ward_categs_constr_False-log_attrib_exp-not_filtered,59.10545492,39.14957905,204.26599,0.01248662148,0.05262397431,0.7698015211,0.7800519384,0.00032114327,0.008274657782,0.02155325319,0.8171056762,0.4815069066,0,38,3364
hierarq_ward_categs_constr_False-log_attrib_exp-not_filtered,59.10545492,39.14957905,204.26599,0.01248662148,0.05262397431,0.7698015211,0.7800519384,0.00032114327,0.008274657782,0.02155325319,0.8171056762,0.4815069066,1,3252,3252
hierarq_ward_categs_constr_False-log_attrib_exp-not_filtered,59.10545492,39.14957905,204.26599,0.01248662148,0.05262397431,0.7698015211,0.7800519384,0.00032114327,0.008274657782,0.02155325319,0.8171056762,0.4815069066,2,54,2565
hierarq_ward_categs_constr_False-log_attrib_exp-not_filtered,59.10545492,39.14957905,204.26599,0.01248662148,0.05262397431,0.7698015211,0.7800519384,0.00032114327,0.008274657782,0.02155325319,0.8171056762,0.4815069066,3,13,2186
hierarq_ward_categs_constr_False-log_attrib_exp-not_filtered,59.10545492,39.14957905,204.26599,0.01248662148,0.05262397431,0.7698015211,0.7800519384,0.00032114327,0.008274657782,0.02155325319,0.8171056762,0.4815069066,4,2249,13544
hierarq_ward_categs_constr_False-act_tfidf_attrib_vec_bin-det_act-not_filtered,60.32536316,21.53919291,180.2371531,0.001427042455,0.02848198359,0.7857540345,0.7803209052,0.0007224273559,0.02077941885,0.03089160714,0.814297791,0.4694288139,0,0,3310
hierarq_ward_categs_constr_False-act_tfidf_attrib_vec_bin-det_act-not_filtered,60.32536316,21.53919291,180.2371531,0.001427042455,0.02848198359,0.7857540345,0.7803209052,0.0007224273559,0.02077941885,0.03089160714,0.814297791,0.4694288139,1,3193,3193
hierarq_ward_categs_constr_False-act_tfidf_attrib_vec_bin-det_act-not_filtered,60.32536316,21.53919291,180.2371531,0.001427042455,0.02848198359,0.7857540345,0.7803209052,0.0007224273559,0.02077941885,0.03089160714,0.814297791,0.4694288139,2,75,2595
hierarq_ward_categs_constr_False-act_tfidf_attrib_vec_bin-det_act-not_filtered,60.32536316,21.53919291,180.2371531,0.001427042455,0.02848198359,0.7857540345,0.7803209052,0.0007224273559,0.02077941885,0.03089160714,0.814297791,0.4694288139,3,11,2187
hierarq_ward_categs_constr_False-act_tfidf_attrib_vec_bin-det_act-not_filtered,60.32536316,21.53919291,180.2371531,0.001427042455,0.02848198359,0.7857540345,0.7803209052,0.0007224273559,0.02077941885,0.03089160714,0.814297791,0.4694288139,4,2327,13631
hierarq_ward_categs_constr_False-seqattrib_1s_1a-det_act-not_filtered,351.969111,60.64516091,590.5264819,0.001783803068,0.03076881912,0.7946577629,0.7821053608,0.0008428319152,0.02066944935,0.01086935983,0.8124042884,0.44323747,0,3215,3217
hierarq_ward_categs_constr_False-seqattrib_1s_1a-det_act-not_filtered,351.969111,60.64516091,590.5264819,0.001783803068,0.03076881912,0.7946577629,0.7821053608,0.0008428319152,0.02066944935,0.01086935983,0.8124042884,0.44323747,1,0,3293
hierarq_ward_categs_constr_False-seqattrib_1s_1a-det_act-not_filtered,351.969111,60.64516091,590.5264819,0.001783803068,0.03076881912,0.7946577629,0.7821053608,0.0008428319152,0.02066944935,0.01086935983,0.8124042884,0.44323747,2,33,2595
hierarq_ward_categs_constr_False-seqattrib_1s_1a-det_act-not_filtered,351.969111,60.64516091,590.5264819,0.001783803068,0.03076881912,0.7946577629,0.7821053608,0.0008428319152,0.02066944935,0.01086935983,0.8124042884,0.44323747,3,0,2140
hierarq_ward_categs_constr_False-seqattrib_1s_1a-det_act-not_filtered,351.969111,60.64516091,590.5264819,0.001783803068,0.03076881912,0.7946577629,0.7821053608,0.0008428319152,0.02066944935,0.01086935983,0.8124042884,0.44323747,4,2358,13671
hierarq_ward_categs_constr_False-seqattrib_100s_1a-det_act-not_filtered,398.8369482,64.927423,636.1251862,0.031394934,0.1163913664,0.7698015211,0.7832758301,0.00593995826,0.05134893241,0.1039075195,0.8564729073,0.8685252351,0,1437,6562
hierarq_ward_categs_constr_False-seqattrib_100s_1a-det_act-not_filtered,398.8369482,64.927423,636.1251862,0.031394934,0.1163913664,0.7698015211,0.7832758301,0.00593995826,0.05134893241,0.1039075195,0.8564729073,0.8685252351,1,2243,9698
hierarq_ward_categs_constr_False-seqattrib_100s_1a-det_act-not_filtered,398.8369482,64.927423,636.1251862,0.031394934,0.1163913664,0.7698015211,0.7832758301,0.00593995826,0.05134893241,0.1039075195,0.8564729073,0.8685252351,2,218,746
hierarq_ward_categs_constr_False-seqattrib_100s_1a-det_act-not_filtered,398.8369482,64.927423,636.1251862,0.031394934,0.1163913664,0.7698015211,0.7832758301,0.00593995826,0.05134893241,0.1039075195,0.8564729073,0.8685252351,3,570,2275
hierarq_ward_categs_constr_False-seqattrib_100s_1a-det_act-not_filtered,398.8369482,64.927423,636.1251862,0.031394934,0.1163913664,0.7698015211,0.7832758301,0.00593995826,0.05134893241,0.1039075195,0.8564729073,0.8685252351,4,1138,5635
hierarq_ward_categs_constr_False-node2vec_32d_P3.0-graph_categ_variant_edge1-categconstr_expnode2categs_edge_qtt_traces,50.674613,31.91841507,191.2934012,0.006064930432,0.08306278987,0.776293823,0.7843739566,0.01091668004,0.1443959705,0.3048919964,0.7946010205,0.7151234981,0,1936,1989
hierarq_ward_categs_constr_False-node2vec_32d_P3.0-graph_categ_variant_edge1-categconstr_expnode2categs_edge_qtt_traces,50.674613,31.91841507,191.2934012,0.006064930432,0.08306278987,0.776293823,0.7843739566,0.01091668004,0.1443959705,0.3048919964,0.7946010205,0.7151234981,1,1707,6724
hierarq_ward_categs_constr_False-node2vec_32d_P3.0-graph_categ_variant_edge1-categconstr_expnode2categs_edge_qtt_traces,50.674613,31.91841507,191.2934012,0.006064930432,0.08306278987,0.776293823,0.7843739566,0.01091668004,0.1443959705,0.3048919964,0.7946010205,0.7151234981,2,57,2182
hierarq_ward_categs_constr_False-node2vec_32d_P3.0-graph_categ_variant_edge1-categconstr_expnode2categs_edge_qtt_traces,50.674613,31.91841507,191.2934012,0.006064930432,0.08306278987,0.776293823,0.7843739566,0.01091668004,0.1443959705,0.3048919964,0.7946010205,0.7151234981,3,7,1446
hierarq_ward_categs_constr_False-node2vec_32d_P3.0-graph_categ_variant_edge1-categconstr_expnode2categs_edge_qtt_traces,50.674613,31.91841507,191.2934012,0.006064930432,0.08306278987,0.776293823,0.7843739566,0.01091668004,0.1443959705,0.3048919964,0.7946010205,0.7151234981,4,1899,12575
hierarq_ward_categs_constr_False-node2vec_32d_P3-graph_attrib_variant_edge1,29.34132385,24.86418414,164.978503,0.02515162326,0.1060988227,0.7909478761,0.7848655166,0.01902392037,0.1660543426,0.3568663395,0.8498316275,0.6218503719,0,465,4989
hierarq_ward_categs_constr_False-node2vec_32d_P3-graph_attrib_variant_edge1,29.34132385,24.86418414,164.978503,0.02515162326,0.1060988227,0.7909478761,0.7848655166,0.01902392037,0.1660543426,0.3568663395,0.8498316275,0.6218503719,1,1831,10945
hierarq_ward_categs_constr_False-node2vec_32d_P3-graph_attrib_variant_edge1,29.34132385,24.86418414,164.978503,0.02515162326,0.1060988227,0.7909478761,0.7848655166,0.01902392037,0.1660543426,0.3568663395,0.8498316275,0.6218503719,2,146,1038
hierarq_ward_categs_constr_False-node2vec_32d_P3-graph_attrib_variant_edge1,29.34132385,24.86418414,164.978503,0.02515162326,0.1060988227,0.7909478761,0.7848655166,0.01902392037,0.1660543426,0.3568663395,0.8498316275,0.6218503719,3,9,2184
hierarq_ward_categs_constr_False-node2vec_32d_P3-graph_attrib_variant_edge1,29.34132385,24.86418414,164.978503,0.02515162326,0.1060988227,0.7909478761,0.7848655166,0.01902392037,0.1660543426,0.3568663395,0.8498316275,0.6218503719,4,3155,5760
hierarq_ward_categs_constr_False-node2vec_32d_P3.0-graph_attrib_variant_edge1-3nn_variants_edge_qtt_traces_1overdist,27.42362523,32.89408469,170.599618,0.01641098823,0.04097395648,0.803375997,0.7859654981,0.01159897255,0.06028254937,0.3645430224,0.8316409617,0.6253350204,0,3125,3155
hierarq_ward_categs_constr_False-node2vec_32d_P3.0-graph_attrib_variant_edge1-3nn_variants_edge_qtt_traces_1overdist,27.42362523,32.89408469,170.599618,0.01641098823,0.04097395648,0.803375997,0.7859654981,0.01159897255,0.06028254937,0.3645430224,0.8316409617,0.6253350204,1,25,3436
hierarq_ward_categs_constr_False-node2vec_32d_P3.0-graph_attrib_variant_edge1-3nn_variants_edge_qtt_traces_1overdist,27.42362523,32.89408469,170.599618,0.01641098823,0.04097395648,0.803375997,0.7859654981,0.01159897255,0.06028254937,0.3645430224,0.8316409617,0.6253350204,2,826,13211
hierarq_ward_categs_constr_False-node2vec_32d_P3.0-graph_attrib_variant_edge1-3nn_variants_edge_qtt_traces_1overdist,27.42362523,32.89408469,170.599618,0.01641098823,0.04097395648,0.803375997,0.7859654981,0.01159897255,0.06028254937,0.3645430224,0.8316409617,0.6253350204,3,15,2475
hierarq_ward_categs_constr_False-node2vec_32d_P3.0-graph_attrib_variant_edge1-3nn_variants_edge_qtt_traces_1overdist,27.42362523,32.89408469,170.599618,0.01641098823,0.04097395648,0.803375997,0.7859654981,0.01159897255,0.06028254937,0.3645430224,0.8316409617,0.6253350204,4,1615,2639
hierarq_ward_categs_constr_False-node2vec_32d_P3-graph_act_attrib,29.12266922,35.3012259,174.3025591,0.00445950767,0.02846236176,0.7798182155,0.7814728251,0.0005217530904,0.01522475518,0.3637025601,0.767957792,0.6083741292,0,0,3250
hierarq_ward_categs_constr_False-node2vec_32d_P3-graph_act_attrib,29.12266922,35.3012259,174.3025591,0.00445950767,0.02846236176,0.7798182155,0.7814728251,0.0005217530904,0.01522475518,0.3637025601,0.767957792,0.6083741292,1,3153,3163
hierarq_ward_categs_constr_False-node2vec_32d_P3-graph_act_attrib,29.12266922,35.3012259,174.3025591,0.00445950767,0.02846236176,0.7798182155,0.7814728251,0.0005217530904,0.01522475518,0.3637025601,0.767957792,0.6083741292,2,0,2432
hierarq_ward_categs_constr_False-node2vec_32d_P3-graph_act_attrib,29.12266922,35.3012259,174.3025591,0.00445950767,0.02846236176,0.7798182155,0.7814728251,0.0005217530904,0.01522475518,0.3637025601,0.767957792,0.6083741292,3,1481,1481
hierarq_ward_categs_constr_False-node2vec_32d_P3-graph_act_attrib,29.12266922,35.3012259,174.3025591,0.00445950767,0.02846236176,0.7798182155,0.7814728251,0.0005217530904,0.01522475518,0.3637025601,0.767957792,0.6083741292,4,972,14590
hierarq_ward_categs_constr_False-node2vec_32d_P3.0-graph_categ_variant_edge1-3nn_variants_edge_qtt_traces_1overdist,28.38969183,32.57450294,168.214637,0.005529789511,0.02932215483,0.7779632721,0.781869783,0.004254294429,0.02827379997,0.3000820851,0.9059061334,0.5969525577,0,13,2631
hierarq_ward_categs_constr_False-node2vec_32d_P3.0-graph_categ_variant_edge1-3nn_variants_edge_qtt_traces_1overdist,28.38969183,32.57450294,168.214637,0.005529789511,0.02932215483,0.7779632721,0.781869783,0.004254294429,0.02827379997,0.3000820851,0.9059061334,0.5969525577,1,7,2352
hierarq_ward_categs_constr_False-node2vec_32d_P3.0-graph_categ_variant_edge1-3nn_variants_edge_qtt_traces_1overdist,28.38969183,32.57450294,168.214637,0.005529789511,0.02932215483,0.7779632721,0.781869783,0.004254294429,0.02827379997,0.3000820851,0.9059061334,0.5969525577,2,745,8919
hierarq_ward_categs_constr_False-node2vec_32d_P3.0-graph_categ_variant_edge1-3nn_variants_edge_qtt_traces_1overdist,28.38969183,32.57450294,168.214637,0.005529789511,0.02932215483,0.7779632721,0.781869783,0.004254294429,0.02827379997,0.3000820851,0.9059061334,0.5969525577,3,3276,3280
hierarq_ward_categs_constr_False-node2vec_32d_P3.0-graph_categ_variant_edge1-3nn_variants_edge_qtt_traces_1overdist,28.38969183,32.57450294,168.214637,0.005529789511,0.02932215483,0.7779632721,0.781869783,0.004254294429,0.02827379997,0.3000820851,0.9059061334,0.5969525577,4,1565,7734
hierarq_ward_categs_constr_False-node2vec_32d_P3.0-graph_attrib_variant_edge1-5nn_variants_edge_qtt_traces_1overdist-categconstr_expnode2categs_edge_qtt_traces,29.61290383,32.78145218,169.7729719,0.01997859436,0.04536032822,0.7696160267,0.7835262474,0.01147856799,0.06138264569,0.365098781,0.8255877686,0.6204906777,0,8,3287
hierarq_ward_categs_constr_False-node2vec_32d_P3.0-graph_attrib_variant_edge1-5nn_variants_edge_qtt_traces_1overdist-categconstr_expnode2categs_edge_qtt_traces,29.61290383,32.78145218,169.7729719,0.01997859436,0.04536032822,0.7696160267,0.7835262474,0.01147856799,0.06138264569,0.365098781,0.8255877686,0.6204906777,1,1598,2597
hierarq_ward_categs_constr_False-node2vec_32d_P3.0-graph_attrib_variant_edge1-5nn_variants_edge_qtt_traces_1overdist-categconstr_expnode2categs_edge_qtt_traces,29.61290383,32.78145218,169.7729719,0.01997859436,0.04536032822,0.7696160267,0.7835262474,0.01147856799,0.06138264569,0.365098781,0.8255877686,0.6204906777,2,3118,3154
hierarq_ward_categs_constr_False-node2vec_32d_P3.0-graph_attrib_variant_edge1-5nn_variants_edge_qtt_traces_1overdist-categconstr_expnode2categs_edge_qtt_traces,29.61290383,32.78145218,169.7729719,0.01997859436,0.04536032822,0.7696160267,0.7835262474,0.01147856799,0.06138264569,0.365098781,0.8255877686,0.6204906777,3,16,2494
hierarq_ward_categs_constr_False-node2vec_32d_P3.0-graph_attrib_variant_edge1-5nn_variants_edge_qtt_traces_1overdist-categconstr_expnode2categs_edge_qtt_traces,29.61290383,32.78145218,169.7729719,0.01997859436,0.04536032822,0.7696160267,0.7835262474,0.01147856799,0.06138264569,0.365098781,0.8255877686,0.6204906777,4,866,13384
hierarq_ward_categs_constr_False-node2vec_32d_P3.0-graph_attrib_variant_edge1-3nn_variants_edge_qtt_traces_1overdist-categconstr_expnode2categs_edge_qtt_traces,28.48482609,33.62249517,171.631264,0.01676774884,0.03739029611,0.7664626229,0.7805193842,0.01296355755,0.06315941564,0.3650529726,0.9465964304,0.6743052535,0,3049,3146
hierarq_ward_categs_constr_False-node2vec_32d_P3.0-graph_attrib_variant_edge1-3nn_variants_edge_qtt_traces_1overdist-categconstr_expnode2categs_edge_qtt_traces,28.48482609,33.62249517,171.631264,0.01676774884,0.03739029611,0.7664626229,0.7805193842,0.01296355755,0.06315941564,0.3650529726,0.9465964304,0.6743052535,1,191,6979
hierarq_ward_categs_constr_False-node2vec_32d_P3.0-graph_attrib_variant_edge1-3nn_variants_edge_qtt_traces_1overdist-categconstr_expnode2categs_edge_qtt_traces,28.48482609,33.62249517,171.631264,0.01676774884,0.03739029611,0.7664626229,0.7805193842,0.01296355755,0.06315941564,0.3650529726,0.9465964304,0.6743052535,2,18,2521
hierarq_ward_categs_constr_False-node2vec_32d_P3.0-graph_attrib_variant_edge1-3nn_variants_edge_qtt_traces_1overdist-categconstr_expnode2categs_edge_qtt_traces,28.48482609,33.62249517,171.631264,0.01676774884,0.03739029611,0.7664626229,0.7805193842,0.01296355755,0.06315941564,0.3650529726,0.9465964304,0.6743052535,3,705,4569
hierarq_ward_categs_constr_False-node2vec_32d_P3.0-graph_attrib_variant_edge1-3nn_variants_edge_qtt_traces_1overdist-categconstr_expnode2categs_edge_qtt_traces,28.48482609,33.62249517,171.631264,0.01676774884,0.03739029611,0.7664626229,0.7805193842,0.01296355755,0.06315941564,0.3650529726,0.9465964304,0.6743052535,4,1643,7701
hierarq_ward_categs_constr_False-node2vec_32d_P3.0-graph_categ_variant_edge1-5nn_variants_edge_qtt_traces_1overdist-categconstr_expnode2categs_edge_qtt_traces,31.09611702,49.79300404,188.8873138,0.009989297182,0.02716910453,0.7889074383,0.783344463,0.00593995826,0.0275421416,0.2952629502,0.9647129872,0.6089576412,0,29,3766
hierarq_ward_categs_constr_False-node2vec_32d_P3.0-graph_categ_variant_edge1-5nn_variants_edge_qtt_traces_1overdist-categconstr_expnode2categs_edge_qtt_traces,31.09611702,49.79300404,188.8873138,0.009989297182,0.02716910453,0.7889074383,0.783344463,0.00593995826,0.0275421416,0.2952629502,0.9647129872,0.6089576412,1,31,3997
hierarq_ward_categs_constr_False-node2vec_32d_P3.0-graph_categ_variant_edge1-5nn_variants_edge_qtt_traces_1overdist-categconstr_expnode2categs_edge_qtt_traces,31.09611702,49.79300404,188.8873138,0.009989297182,0.02716910453,0.7889074383,0.783344463,0.00593995826,0.0275421416,0.2952629502,0.9647129872,0.6089576412,2,669,5937
hierarq_ward_categs_constr_False-node2vec_32d_P3.0-graph_categ_variant_edge1-5nn_variants_edge_qtt_traces_1overdist-categconstr_expnode2categs_edge_qtt_traces,31.09611702,49.79300404,188.8873138,0.009989297182,0.02716910453,0.7889074383,0.783344463,0.00593995826,0.0275421416,0.2952629502,0.9647129872,0.6089576412,3,3287,3291
hierarq_ward_categs_constr_False-node2vec_32d_P3.0-graph_categ_variant_edge1-5nn_variants_edge_qtt_traces_1overdist-categconstr_expnode2categs_edge_qtt_traces,31.09611702,49.79300404,188.8873138,0.009989297182,0.02716910453,0.7889074383,0.783344463,0.00593995826,0.0275421416,0.2952629502,0.9647129872,0.6089576412,4,1590,7925
hierarq_ward_categs_constr_False-node2vec_32d_P3.0-graph_categ_variant_edge1-3nn_variants_edge_qtt_traces_1overdist-categconstr_expnode2categs_edge_qtt_traces,29.36310101,31.30046201,168.5019739,0.004994648591,0.02915447735,0.7811166759,0.782886292,0.005337935463,0.02811085246,0.2998749451,0.9033902529,0.5949449297,0,15,2656
hierarq_ward_categs_constr_False-node2vec_32d_P3.0-graph_categ_variant_edge1-3nn_variants_edge_qtt_traces_1overdist-categconstr_expnode2categs_edge_qtt_traces,29.36310101,31.30046201,168.5019739,0.004994648591,0.02915447735,0.7811166759,0.782886292,0.005337935463,0.02811085246,0.2998749451,0.9033902529,0.5949449297,1,3,2340
hierarq_ward_categs_constr_False-node2vec_32d_P3.0-graph_categ_variant_edge1-3nn_variants_edge_qtt_traces_1overdist-categconstr_expnode2categs_edge_qtt_traces,29.36310101,31.30046201,168.5019739,0.004994648591,0.02915447735,0.7811166759,0.782886292,0.005337935463,0.02811085246,0.2998749451,0.9033902529,0.5949449297,2,742,9468
hierarq_ward_categs_constr_False-node2vec_32d_P3.0-graph_categ_variant_edge1-3nn_variants_edge_qtt_traces_1overdist-categconstr_expnode2categs_edge_qtt_traces,29.36310101,31.30046201,168.5019739,0.004994648591,0.02915447735,0.7811166759,0.782886292,0.005337935463,0.02811085246,0.2998749451,0.9033902529,0.5949449297,3,3279,3283
hierarq_ward_categs_constr_False-node2vec_32d_P3.0-graph_categ_variant_edge1-3nn_variants_edge_qtt_traces_1overdist-categconstr_expnode2categs_edge_qtt_traces,29.36310101,31.30046201,168.5019739,0.004994648591,0.02915447735,0.7811166759,0.782886292,0.005337935463,0.02811085246,0.2998749451,0.9033902529,0.5949449297,4,1567,7169
hierarq_ward_categs_constr_False-node2vec_32d_P3.0-graph_attrib_variant_edge1-categconstr_expnode2categs_edge_qtt_traces,30.88091993,31.231004,170.3032949,0.02211915804,0.1066161256,0.7820441477,0.7831088852,0.0193449992,0.1748964521,0.356593007,0.8197002831,0.8769570433,0,1235,6756
hierarq_ward_categs_constr_False-node2vec_32d_P3.0-graph_attrib_variant_edge1-categconstr_expnode2categs_edge_qtt_traces,30.88091993,31.231004,170.3032949,0.02211915804,0.1066161256,0.7820441477,0.7831088852,0.0193449992,0.1748964521,0.356593007,0.8197002831,0.8769570433,1,970,9159
hierarq_ward_categs_constr_False-node2vec_32d_P3.0-graph_attrib_variant_edge1-categconstr_expnode2categs_edge_qtt_traces,30.88091993,31.231004,170.3032949,0.02211915804,0.1066161256,0.7820441477,0.7831088852,0.0193449992,0.1748964521,0.356593007,0.8197002831,0.8769570433,2,114,632
hierarq_ward_categs_constr_False-node2vec_32d_P3.0-graph_attrib_variant_edge1-categconstr_expnode2categs_edge_qtt_traces,30.88091993,31.231004,170.3032949,0.02211915804,0.1066161256,0.7820441477,0.7831088852,0.0193449992,0.1748964521,0.356593007,0.8197002831,0.8769570433,3,1176,1197
hierarq_ward_categs_constr_False-node2vec_32d_P3.0-graph_attrib_variant_edge1-categconstr_expnode2categs_edge_qtt_traces,30.88091993,31.231004,170.3032949,0.02211915804,0.1066161256,0.7820441477,0.7831088852,0.0193449992,0.1748964521,0.356593007,0.8197002831,0.8769570433,4,2111,7172
hierarq_ward_categs_constr_False-node2vec_32d_P3.0-graph_categ_variant_edge1-5nn_variants_edge_qtt_traces_1overdist,30.29398012,30.35076976,168.1276982,0.01105957902,0.02966464502,0.7703580041,0.7804748655,0.005056991491,0.02328584042,0.2960423956,0.9284054857,0.4616927522,0,3281,3285
hierarq_ward_categs_constr_False-node2vec_32d_P3.0-graph_categ_variant_edge1-5nn_variants_edge_qtt_traces_1overdist,30.29398012,30.35076976,168.1276982,0.01105957902,0.02966464502,0.7703580041,0.7804748655,0.005056991491,0.02328584042,0.2960423956,0.9284054857,0.4616927522,1,15,3657
hierarq_ward_categs_constr_False-node2vec_32d_P3.0-graph_categ_variant_edge1-5nn_variants_edge_qtt_traces_1overdist,30.29398012,30.35076976,168.1276982,0.01105957902,0.02966464502,0.7703580041,0.7804748655,0.005056991491,0.02328584042,0.2960423956,0.9284054857,0.4616927522,2,2261,10003
hierarq_ward_categs_constr_False-node2vec_32d_P3.0-graph_categ_variant_edge1-5nn_variants_edge_qtt_traces_1overdist,30.29398012,30.35076976,168.1276982,0.01105957902,0.02966464502,0.7703580041,0.7804748655,0.005056991491,0.02328584042,0.2960423956,0.9284054857,0.4616927522,3,23,3137
hierarq_ward_categs_constr_False-node2vec_32d_P3.0-graph_categ_variant_edge1-5nn_variants_edge_qtt_traces_1overdist,30.29398012,30.35076976,168.1276982,0.01105957902,0.02966464502,0.7703580041,0.7804748655,0.005056991491,0.02328584042,0.2960423956,0.9284054857,0.4616927522,4,26,4834
hierarq_ward_categs_constr_False-node2vec_32d_P3-graph_categ_variant_edge1,31.18709087,34.26040816,172.423346,0.00445950767,0.08197288619,0.7761083287,0.7830124281,0.01216086049,0.1657477123,0.3078880972,0.9563463298,0.8839203239,0,375,4529
hierarq_ward_categs_constr_False-node2vec_32d_P3-graph_categ_variant_edge1,31.18709087,34.26040816,172.423346,0.00445950767,0.08197288619,0.7761083287,0.7830124281,0.01216086049,0.1657477123,0.3078880972,0.9563463298,0.8839203239,1,427,4310
hierarq_ward_categs_constr_False-node2vec_32d_P3-graph_categ_variant_edge1,31.18709087,34.26040816,172.423346,0.00445950767,0.08197288619,0.7761083287,0.7830124281,0.01216086049,0.1657477123,0.3078880972,0.9563463298,0.8839203239,2,1247,7754
hierarq_ward_categs_constr_False-node2vec_32d_P3-graph_categ_variant_edge1,31.18709087,34.26040816,172.423346,0.00445950767,0.08197288619,0.7761083287,0.7830124281,0.01216086049,0.1657477123,0.3078880972,0.9563463298,0.8839203239,3,2191,2282
hierarq_ward_categs_constr_False-node2vec_32d_P3-graph_categ_variant_edge1,31.18709087,34.26040816,172.423346,0.00445950767,0.08197288619,0.7761083287,0.7830124281,0.01216086049,0.1657477123,0.3078880972,0.9563463298,0.8839203239,4,1366,6041
hierarq_ward_categs_constr_False-node2vec_32d_P3.0-graph_attrib_variant_edge1-5nn_variants_edge_qtt_traces_1overdist,29.43572283,21.77849412,159.5082488,0.0235462005,0.04642169105,0.77573734,0.7837970692,0.01464922138,0.07049927757,0.3662998617,0.8721895568,0.5675857812,0,193,3815
hierarq_ward_categs_constr_False-node2vec_32d_P3.0-graph_attrib_variant_edge1-5nn_variants_edge_qtt_traces_1overdist,29.43572283,21.77849412,159.5082488,0.0235462005,0.04642169105,0.77573734,0.7837970692,0.01464922138,0.07049927757,0.3662998617,0.8721895568,0.5675857812,1,82,3285
hierarq_ward_categs_constr_False-node2vec_32d_P3.0-graph_attrib_variant_edge1-5nn_variants_edge_qtt_traces_1overdist,29.43572283,21.77849412,159.5082488,0.0235462005,0.04642169105,0.77573734,0.7837970692,0.01464922138,0.07049927757,0.3662998617,0.8721895568,0.5675857812,2,46,2583
hierarq_ward_categs_constr_False-node2vec_32d_P3.0-graph_attrib_variant_edge1-5nn_variants_edge_qtt_traces_1overdist,29.43572283,21.77849412,159.5082488,0.0235462005,0.04642169105,0.77573734,0.7837970692,0.01464922138,0.07049927757,0.3662998617,0.8721895568,0.5675857812,3,3076,3185
hierarq_ward_categs_constr_False-node2vec_32d_P3.0-graph_attrib_variant_edge1-5nn_variants_edge_qtt_traces_1overdist,29.43572283,21.77849412,159.5082488,0.0235462005,0.04642169105,0.77573734,0.7837970692,0.01464922138,0.07049927757,0.3662998617,0.8721895568,0.5675857812,4,2209,12048
hierarq_ward_categs_constr_False-node2vec_32d_P3.0-graph_act_attrib-categconstr_expnode2categs_edge_qtt_traces,28.88248491,25.9592309,166.1240749,0.004994648591,0.0286068498,0.7846410684,0.7821164904,0.0004013485311,0.01589380318,0.3624507504,0.7635154382,0.6114449988,0,3153,3153
hierarq_ward_categs_constr_False-node2vec_32d_P3.0-graph_act_attrib-categconstr_expnode2categs_edge_qtt_traces,28.88248491,25.9592309,166.1240749,0.004994648591,0.0286068498,0.7846410684,0.7821164904,0.0004013485311,0.01589380318,0.3624507504,0.7635154382,0.6114449988,1,0,3250
hierarq_ward_categs_constr_False-node2vec_32d_P3.0-graph_act_attrib-categconstr_expnode2categs_edge_qtt_traces,28.88248491,25.9592309,166.1240749,0.004994648591,0.0286068498,0.7846410684,0.7821164904,0.0004013485311,0.01589380318,0.3624507504,0.7635154382,0.6114449988,2,0,2442
hierarq_ward_categs_constr_False-node2vec_32d_P3.0-graph_act_attrib-categconstr_expnode2categs_edge_qtt_traces,28.88248491,25.9592309,166.1240749,0.004994648591,0.0286068498,0.7846410684,0.7821164904,0.0004013485311,0.01589380318,0.3624507504,0.7635154382,0.6114449988,3,1403,1403
hierarq_ward_categs_constr_False-node2vec_32d_P3.0-graph_act_attrib-categconstr_expnode2categs_edge_qtt_traces,28.88248491,25.9592309,166.1240749,0.004994648591,0.0286068498,0.7846410684,0.7821164904,0.0004013485311,0.01589380318,0.3624507504,0.7635154382,0.6114449988,4,1050,14668
hierarq_ward_categs_constr_False-metapath_32d_4w_30l-hetgraph_variant_categ_expnode2categs,28.08719587,27.27179098,163.454397,0.0001783803068,0.002706029254,0.7838990911,0.7810628826,0.0002408091186,0.002290094718,0.2137862292,0.8927650715,0.01322824883,0,5590,5590
hierarq_ward_categs_constr_False-metapath_32d_4w_30l-hetgraph_variant_categ_expnode2categs,28.08719587,27.27179098,163.454397,0.0001783803068,0.002706029254,0.7838990911,0.7810628826,0.0002408091186,0.002290094718,0.2137862292,0.8927650715,0.01322824883,1,0,5064
hierarq_ward_categs_constr_False-metapath_32d_4w_30l-hetgraph_variant_categ_expnode2categs,28.08719587,27.27179098,163.454397,0.0001783803068,0.002706029254,0.7838990911,0.7810628826,0.0002408091186,0.002290094718,0.2137862292,0.8927650715,0.01322824883,2,2,2100
hierarq_ward_categs_constr_False-metapath_32d_4w_30l-hetgraph_variant_categ_expnode2categs,28.08719587,27.27179098,163.454397,0.0001783803068,0.002706029254,0.7838990911,0.7810628826,0.0002408091186,0.002290094718,0.2137862292,0.8927650715,0.01322824883,3,13,2015
hierarq_ward_categs_constr_False-metapath_32d_4w_30l-hetgraph_variant_categ_expnode2categs,28.08719587,27.27179098,163.454397,0.0001783803068,0.002706029254,0.7838990911,0.7810628826,0.0002408091186,0.002290094718,0.2137862292,0.8927650715,0.01322824883,4,1,10147
hierarq_ward_categs_constr_False-metapath_32d_3w_30l-hetgraph_variant100_attrib1_10nn_variants_edges_18max,28.26027489,33.25459313,171.0766089,0.008919015341,0.04435426329,0.7826006307,0.7818141347,0.001966607802,0.01494140311,0.3068695126,0.8376727102,0.9387316478,0,747,3029
hierarq_ward_categs_constr_False-metapath_32d_3w_30l-hetgraph_variant100_attrib1_10nn_variants_edges_18max,28.26027489,33.25459313,171.0766089,0.008919015341,0.04435426329,0.7826006307,0.7818141347,0.001966607802,0.01494140311,0.3068695126,0.8376727102,0.9387316478,1,893,3337
hierarq_ward_categs_constr_False-metapath_32d_3w_30l-hetgraph_variant100_attrib1_10nn_variants_edges_18max,28.26027489,33.25459313,171.0766089,0.008919015341,0.04435426329,0.7826006307,0.7818141347,0.001966607802,0.01494140311,0.3068695126,0.8376727102,0.9387316478,2,606,3563
hierarq_ward_categs_constr_False-metapath_32d_3w_30l-hetgraph_variant100_attrib1_10nn_variants_edges_18max,28.26027489,33.25459313,171.0766089,0.008919015341,0.04435426329,0.7826006307,0.7818141347,0.001966607802,0.01494140311,0.3068695126,0.8376727102,0.9387316478,3,2030,2034
hierarq_ward_categs_constr_False-metapath_32d_3w_30l-hetgraph_variant100_attrib1_10nn_variants_edges_18max,28.26027489,33.25459313,171.0766089,0.008919015341,0.04435426329,0.7826006307,0.7818141347,0.001966607802,0.01494140311,0.3068695126,0.8376727102,0.9387316478,4,1330,12953
hierarq_ward_categs_constr_False-metapath_32d_3w_30l-hetgraph_act_attrib,28.77804303,29.86721802,166.4583621,0.001248662148,0.02983232251,0.7907623817,0.7820608421,0.0007224273559,0.008557954728,0.2659130555,0.841268345,0.4456535298,0,18,3539
hierarq_ward_categs_constr_False-metapath_32d_3w_30l-hetgraph_act_attrib,28.77804303,29.86721802,166.4583621,0.001248662148,0.02983232251,0.7907623817,0.7820608421,0.0007224273559,0.008557954728,0.2659130555,0.841268345,0.4456535298,1,3380,3380
hierarq_ward_categs_constr_False-metapath_32d_3w_30l-hetgraph_act_attrib,28.77804303,29.86721802,166.4583621,0.001248662148,0.02983232251,0.7907623817,0.7820608421,0.0007224273559,0.008557954728,0.2659130555,0.841268345,0.4456535298,2,28,2494
hierarq_ward_categs_constr_False-metapath_32d_3w_30l-hetgraph_act_attrib,28.77804303,29.86721802,166.4583621,0.001248662148,0.02983232251,0.7907623817,0.7820608421,0.0007224273559,0.008557954728,0.2659130555,0.841268345,0.4456535298,3,0,2581
hierarq_ward_categs_constr_False-metapath_32d_3w_30l-hetgraph_act_attrib,28.77804303,29.86721802,166.4583621,0.001248662148,0.02983232251,0.7907623817,0.7820608421,0.0007224273559,0.008557954728,0.2659130555,0.841268345,0.4456535298,4,2180,12922
hierarq_ward_categs_constr_False-metapath_32d_4w_30l-hetgraph_act_attrib_expnode2categs,30.15711689,24.34059286,162.3263149,0.001248662148,0.01747056725,0.7889074383,0.7837562604,0.0006020227966,0.01269625943,0.2675500181,0.8307542518,0.4507519901,0,0,3447
hierarq_ward_categs_constr_False-metapath_32d_4w_30l-hetgraph_act_attrib_expnode2categs,30.15711689,24.34059286,162.3263149,0.001248662148,0.01747056725,0.7889074383,0.7837562604,0.0006020227966,0.01269625943,0.2675500181,0.8307542518,0.4507519901,1,3263,3263
hierarq_ward_categs_constr_False-metapath_32d_4w_30l-hetgraph_act_attrib_expnode2categs,30.15711689,24.34059286,162.3263149,0.001248662148,0.01747056725,0.7889074383,0.7837562604,0.0006020227966,0.01269625943,0.2675500181,0.8307542518,0.4507519901,2,54,2708
hierarq_ward_categs_constr_False-metapath_32d_4w_30l-hetgraph_act_attrib_expnode2categs,30.15711689,24.34059286,162.3263149,0.001248662148,0.01747056725,0.7889074383,0.7837562604,0.0006020227966,0.01269625943,0.2675500181,0.8307542518,0.4507519901,3,0,2292
hierarq_ward_categs_constr_False-metapath_32d_4w_30l-hetgraph_act_attrib_expnode2categs,30.15711689,24.34059286,162.3263149,0.001248662148,0.01747056725,0.7889074383,0.7837562604,0.0006020227966,0.01269625943,0.2675500181,0.8307542518,0.4507519901,4,2289,13206
hierarq_ward_categs_constr_False-metapath_32d_3w_30l-hetgraph_act_categ,28.08978891,29.74978495,166.0212138,0.001070281841,0.0141295041,0.7790762382,0.7826136153,0.0002408091186,0.001783592872,0.08043721459,0.8337039677,0.433723033,0,1,3459
hierarq_ward_categs_constr_False-metapath_32d_3w_30l-hetgraph_act_categ,28.08978891,29.74978495,166.0212138,0.001070281841,0.0141295041,0.7790762382,0.7826136153,0.0002408091186,0.001783592872,0.08043721459,0.8337039677,0.433723033,1,3269,3269
hierarq_ward_categs_constr_False-metapath_32d_3w_30l-hetgraph_act_categ,28.08978891,29.74978495,166.0212138,0.001070281841,0.0141295041,0.7790762382,0.7826136153,0.0002408091186,0.001783592872,0.08043721459,0.8337039677,0.433723033,2,2,2416
hierarq_ward_categs_constr_False-metapath_32d_3w_30l-hetgraph_act_categ,28.08978891,29.74978495,166.0212138,0.001070281841,0.0141295041,0.7790762382,0.7826136153,0.0002408091186,0.001783592872,0.08043721459,0.8337039677,0.433723033,3,13,2633
hierarq_ward_categs_constr_False-metapath_32d_3w_30l-hetgraph_act_categ,28.08978891,29.74978495,166.0212138,0.001070281841,0.0141295041,0.7790762382,0.7826136153,0.0002408091186,0.001783592872,0.08043721459,0.8337039677,0.433723033,4,2321,13139
hierarq_ward_categs_constr_False-metapath_32d_3w_30l-hetgraph_variant100_categ1,30.88150096,27.22710228,166.8493252,0,0.03376739208,0.7850120571,0.7844778334,8.03E-05,0.004366270669,0.2067475362,0.7818911796,0.6347885759,0,1,3685
hierarq_ward_categs_constr_False-metapath_32d_3w_30l-hetgraph_variant100_categ1,30.88150096,27.22710228,166.8493252,0,0.03376739208,0.7850120571,0.7844778334,8.03E-05,0.004366270669,0.2067475362,0.7818911796,0.6347885759,1,2323,2323
hierarq_ward_categs_constr_False-metapath_32d_3w_30l-hetgraph_variant100_categ1,30.88150096,27.22710228,166.8493252,0,0.03376739208,0.7850120571,0.7844778334,8.03E-05,0.004366270669,0.2067475362,0.7818911796,0.6347885759,2,887,2444
hierarq_ward_categs_constr_False-metapath_32d_3w_30l-hetgraph_variant100_categ1,30.88150096,27.22710228,166.8493252,0,0.03376739208,0.7850120571,0.7844778334,8.03E-05,0.004366270669,0.2067475362,0.7818911796,0.6347885759,3,0,2110
hierarq_ward_categs_constr_False-metapath_32d_3w_30l-hetgraph_variant100_categ1,30.88150096,27.22710228,166.8493252,0,0.03376739208,0.7850120571,0.7844778334,8.03E-05,0.004366270669,0.2067475362,0.7818911796,0.6347885759,4,2395,14354
hierarq_ward_categs_constr_False-metapath_32d_3w_30l-hetgraph_variant_attrib,29.15367818,32.43224597,169.3624682,0.001783803068,0.03677845166,0.7831571137,0.7830736413,0.000762562209,0.01972868839,0.2972226046,0.7891097592,0.3328176142,0,18,2771
hierarq_ward_categs_constr_False-metapath_32d_3w_30l-hetgraph_variant_attrib,29.15367818,32.43224597,169.3624682,0.001783803068,0.03677845166,0.7831571137,0.7830736413,0.000762562209,0.01972868839,0.2972226046,0.7891097592,0.3328176142,1,864,2894
hierarq_ward_categs_constr_False-metapath_32d_3w_30l-hetgraph_variant_attrib,29.15367818,32.43224597,169.3624682,0.001783803068,0.03677845166,0.7831571137,0.7830736413,0.000762562209,0.01972868839,0.2972226046,0.7891097592,0.3328176142,2,19,2342
hierarq_ward_categs_constr_False-metapath_32d_3w_30l-hetgraph_variant_attrib,29.15367818,32.43224597,169.3624682,0.001783803068,0.03677845166,0.7831571137,0.7830736413,0.000762562209,0.01972868839,0.2972226046,0.7891097592,0.3328176142,3,67,2587
hierarq_ward_categs_constr_False-metapath_32d_3w_30l-hetgraph_variant_attrib,29.15367818,32.43224597,169.3624682,0.001783803068,0.03677845166,0.7831571137,0.7830736413,0.000762562209,0.01972868839,0.2972226046,0.7891097592,0.3328176142,4,4638,14322
hierarq_ward_categs_constr_False-metapath_32d_4w_30l-hetgraph_variant_attrib_10nn_variants_edges_18max_expnode2categs,27.74838686,28.4763,163.8398008,0.003210845523,0.03108098466,0.77573734,0.7839361899,0.001364585006,0.01186145449,0.3062844626,0.7777910746,0.8199638067,0,889,3185
hierarq_ward_categs_constr_False-metapath_32d_4w_30l-hetgraph_variant_attrib_10nn_variants_edges_18max_expnode2categs,27.74838686,28.4763,163.8398008,0.003210845523,0.03108098466,0.77573734,0.7839361899,0.001364585006,0.01186145449,0.3062844626,0.7777910746,0.8199638067,1,747,3030
hierarq_ward_categs_constr_False-metapath_32d_4w_30l-hetgraph_variant_attrib_10nn_variants_edges_18max_expnode2categs,27.74838686,28.4763,163.8398008,0.003210845523,0.03108098466,0.77573734,0.7839361899,0.001364585006,0.01186145449,0.3062844626,0.7777910746,0.8199638067,2,25,2273
hierarq_ward_categs_constr_False-metapath_32d_4w_30l-hetgraph_variant_attrib_10nn_variants_edges_18max_expnode2categs,27.74838686,28.4763,163.8398008,0.003210845523,0.03108098466,0.77573734,0.7839361899,0.001364585006,0.01186145449,0.3062844626,0.7777910746,0.8199638067,3,1939,1942
hierarq_ward_categs_constr_False-metapath_32d_4w_30l-hetgraph_variant_attrib_10nn_variants_edges_18max_expnode2categs,27.74838686,28.4763,163.8398008,0.003210845523,0.03108098466,0.77573734,0.7839361899,0.001364585006,0.01186145449,0.3062844626,0.7777910746,0.8199638067,4,2006,14486
hierarq_ward_categs_constr_False-metapath_32d_3w_30l-hetgraph_variant_categ,28.36626697,30.4318819,167.0116019,0,0.03283089547,0.7766648117,0.7816527546,0.0002006742655,0.005851260234,0.2096807403,0.8296236079,0.4545076769,0,1,3682
hierarq_ward_categs_constr_False-metapath_32d_3w_30l-hetgraph_variant_categ,28.36626697,30.4318819,167.0116019,0,0.03283089547,0.7766648117,0.7816527546,0.0002006742655,0.005851260234,0.2096807403,0.8296236079,0.4545076769,1,2931,4488
hierarq_ward_categs_constr_False-metapath_32d_3w_30l-hetgraph_variant_categ,28.36626697,30.4318819,167.0116019,0,0.03283089547,0.7766648117,0.7816527546,0.0002006742655,0.005851260234,0.2096807403,0.8296236079,0.4545076769,2,0,1902
hierarq_ward_categs_constr_False-metapath_32d_3w_30l-hetgraph_variant_categ,28.36626697,30.4318819,167.0116019,0,0.03283089547,0.7766648117,0.7816527546,0.0002006742655,0.005851260234,0.2096807403,0.8296236079,0.4545076769,3,41,2047
hierarq_ward_categs_constr_False-metapath_32d_3w_30l-hetgraph_variant_categ,28.36626697,30.4318819,167.0116019,0,0.03283089547,0.7766648117,0.7816527546,0.0002006742655,0.005851260234,0.2096807403,0.8296236079,0.4545076769,4,2633,12797
hierarq_ward_categs_constr_False-metapath_32d_3w_30l-hetgraph_variant_categ_10nn_variants_edges_18max,29.50595379,20.73442197,157.7048299,0.003745986443,0.05504102747,0.7874234836,0.7818196995,0.0006421576497,0.005976480976,0.2366830111,0.9030656446,0.8016965401,0,2614,3404
hierarq_ward_categs_constr_False-metapath_32d_3w_30l-hetgraph_variant_categ_10nn_variants_edges_18max,29.50595379,20.73442197,157.7048299,0.003745986443,0.05504102747,0.7874234836,0.7818196995,0.0006421576497,0.005976480976,0.2366830111,0.9030656446,0.8016965401,1,1314,11081
hierarq_ward_categs_constr_False-metapath_32d_3w_30l-hetgraph_variant_categ_10nn_variants_edges_18max,29.50595379,20.73442197,157.7048299,0.003745986443,0.05504102747,0.7874234836,0.7818196995,0.0006421576497,0.005976480976,0.2366830111,0.9030656446,0.8016965401,2,747,3032
hierarq_ward_categs_constr_False-metapath_32d_3w_30l-hetgraph_variant_categ_10nn_variants_edges_18max,29.50595379,20.73442197,157.7048299,0.003745986443,0.05504102747,0.7874234836,0.7818196995,0.0006421576497,0.005976480976,0.2366830111,0.9030656446,0.8016965401,3,894,3318
hierarq_ward_categs_constr_False-metapath_32d_3w_30l-hetgraph_variant_categ_10nn_variants_edges_18max,29.50595379,20.73442197,157.7048299,0.003745986443,0.05504102747,0.7874234836,0.7818196995,0.0006421576497,0.005976480976,0.2366830111,0.9030656446,0.8016965401,4,37,4081
hierarq_ward_categs_constr_False-metapath_32d_3w_30l-hetgraph_variant100_attrib1,27.77159286,29.253474,173.1561301,0.002318943989,0.03716375312,0.7813021703,0.7832591356,0.000762562209,0.01654358645,0.2919039835,0.8583424213,0.5548581292,0,3353,3353
hierarq_ward_categs_constr_False-metapath_32d_3w_30l-hetgraph_variant100_attrib1,27.77159286,29.253474,173.1561301,0.002318943989,0.03716375312,0.7813021703,0.7832591356,0.000762562209,0.01654358645,0.2919039835,0.8583424213,0.5548581292,1,322,4962
hierarq_ward_categs_constr_False-metapath_32d_3w_30l-hetgraph_variant100_attrib1,27.77159286,29.253474,173.1561301,0.002318943989,0.03716375312,0.7813021703,0.7832591356,0.000762562209,0.01654358645,0.2919039835,0.8583424213,0.5548581292,2,19,2245
hierarq_ward_categs_constr_False-metapath_32d_3w_30l-hetgraph_variant100_attrib1,27.77159286,29.253474,173.1561301,0.002318943989,0.03716375312,0.7813021703,0.7832591356,0.000762562209,0.01654358645,0.2919039835,0.8583424213,0.5548581292,3,41,2332
hierarq_ward_categs_constr_False-metapath_32d_3w_30l-hetgraph_variant100_attrib1,27.77159286,29.253474,173.1561301,0.002318943989,0.03716375312,0.7813021703,0.7832591356,0.000762562209,0.01654358645,0.2919039835,0.8583424213,0.5548581292,4,1871,12024
hierarq_ward_categs_constr_False-metapath_32d_4w_30l-hetgraph_variant_attrib_expnode2categs,30.12717605,32.34496307,171.826293,0.001962183375,0.02027470567,0.7748098683,0.7801539603,0.001284315299,0.02283512602,0.296745726,0.8555512844,0.4345770961,0,3268,3269
hierarq_ward_categs_constr_False-metapath_32d_4w_30l-hetgraph_variant_attrib_expnode2categs,30.12717605,32.34496307,171.826293,0.001962183375,0.02027470567,0.7748098683,0.7801539603,0.001284315299,0.02283512602,0.296745726,0.8555512844,0.4345770961,1,2,4895
hierarq_ward_categs_constr_False-metapath_32d_4w_30l-hetgraph_variant_attrib_expnode2categs,30.12717605,32.34496307,171.826293,0.001962183375,0.02027470567,0.7748098683,0.7801539603,0.001284315299,0.02283512602,0.296745726,0.8555512844,0.4345770961,2,2,2276
hierarq_ward_categs_constr_False-metapath_32d_4w_30l-hetgraph_variant_attrib_expnode2categs,30.12717605,32.34496307,171.826293,0.001962183375,0.02027470567,0.7748098683,0.7801539603,0.001284315299,0.02283512602,0.296745726,0.8555512844,0.4345770961,3,13,2335
hierarq_ward_categs_constr_False-metapath_32d_4w_30l-hetgraph_variant_attrib_expnode2categs,30.12717605,32.34496307,171.826293,0.001962183375,0.02027470567,0.7748098683,0.7801539603,0.001284315299,0.02283512602,0.296745726,0.8555512844,0.4345770961,4,2321,12141
hierarq_ward_categs_constr_False-metapath_32d_3w_30l-hetgraph_variant_attrib_10nn_variants_edges_18max,29.53017998,30.09968114,167.6948888,0.007670353193,0.04443988584,0.7876089779,0.785409015,0.002207416921,0.01190600417,0.3059349206,0.8270299402,0.7110824379,0,749,3040
hierarq_ward_categs_constr_False-metapath_32d_3w_30l-hetgraph_variant_attrib_10nn_variants_edges_18max,29.53017998,30.09968114,167.6948888,0.007670353193,0.04443988584,0.7876089779,0.785409015,0.002207416921,0.01190600417,0.3059349206,0.8270299402,0.7110824379,1,887,3179
hierarq_ward_categs_constr_False-metapath_32d_3w_30l-hetgraph_variant_attrib_10nn_variants_edges_18max,29.53017998,30.09968114,167.6948888,0.007670353193,0.04443988584,0.7876089779,0.785409015,0.002207416921,0.01190600417,0.3059349206,0.8270299402,0.7110824379,2,624,3499
hierarq_ward_categs_constr_False-metapath_32d_3w_30l-hetgraph_variant_attrib_10nn_variants_edges_18max,29.53017998,30.09968114,167.6948888,0.007670353193,0.04443988584,0.7876089779,0.785409015,0.002207416921,0.01190600417,0.3059349206,0.8270299402,0.7110824379,3,31,1960
hierarq_ward_categs_constr_False-metapath_32d_3w_30l-hetgraph_variant_attrib_10nn_variants_edges_18max,29.53017998,30.09968114,167.6948888,0.007670353193,0.04443988584,0.7876089779,0.785409015,0.002207416921,0.01190600417,0.3059349206,0.8270299402,0.7110824379,4,3315,13238
hierarq_ward_categs_constr_False-metapath_32d_4w_30l-hetgraph_variant_categ_10nn_variants_edges_18max_expnode2categs,28.41361403,27.81992507,165.1861429,0.0007135212273,0.002811273635,0.7785197551,0.7797774068,0.0005618879435,0.004749157168,0.240244446,0.9108280078,0.3905539101,0,4541,4541
hierarq_ward_categs_constr_False-metapath_32d_4w_30l-hetgraph_variant_categ_10nn_variants_edges_18max_expnode2categs,28.41361403,27.81992507,165.1861429,0.0007135212273,0.002811273635,0.7785197551,0.7797774068,0.0005618879435,0.004749157168,0.240244446,0.9108280078,0.3905539101,1,13,2008
hierarq_ward_categs_constr_False-metapath_32d_4w_30l-hetgraph_variant_categ_10nn_variants_edges_18max_expnode2categs,28.41361403,27.81992507,165.1861429,0.0007135212273,0.002811273635,0.7785197551,0.7797774068,0.0005618879435,0.004749157168,0.240244446,0.9108280078,0.3905539101,2,1,9651
hierarq_ward_categs_constr_False-metapath_32d_4w_30l-hetgraph_variant_categ_10nn_variants_edges_18max_expnode2categs,28.41361403,27.81992507,165.1861429,0.0007135212273,0.002811273635,0.7785197551,0.7797774068,0.0005618879435,0.004749157168,0.240244446,0.9108280078,0.3905539101,3,459,2744
hierarq_ward_categs_constr_False-metapath_32d_4w_30l-hetgraph_variant_categ_10nn_variants_edges_18max_expnode2categs,28.41361403,27.81992507,165.1861429,0.0007135212273,0.002811273635,0.7785197551,0.7797774068,0.0005618879435,0.004749157168,0.240244446,0.9108280078,0.3905539101,4,592,5972
hierarq_ward_categs_constr_False-metapath_32d_4w_30l-hetgraph_act_categ_expnode2categs,41.92366576,38.60062313,190.2280138,0.001248662148,0.01154477346,0.7890929327,0.7836857726,0.0002006742655,0.00282228287,0.09445325387,0.8912927962,0.0575969804,0,5514,5514
hierarq_ward_categs_constr_False-metapath_32d_4w_30l-hetgraph_act_categ_expnode2categs,41.92366576,38.60062313,190.2280138,0.001248662148,0.01154477346,0.7890929327,0.7836857726,0.0002006742655,0.00282228287,0.09445325387,0.8912927962,0.0575969804,1,1,3477
hierarq_ward_categs_constr_False-metapath_32d_4w_30l-hetgraph_act_categ_expnode2categs,41.92366576,38.60062313,190.2280138,0.001248662148,0.01154477346,0.7890929327,0.7836857726,0.0002006742655,0.00282228287,0.09445325387,0.8912927962,0.0575969804,2,12,2636
hierarq_ward_categs_constr_False-metapath_32d_4w_30l-hetgraph_act_categ_expnode2categs,41.92366576,38.60062313,190.2280138,0.001248662148,0.01154477346,0.7890929327,0.7836857726,0.0002006742655,0.00282228287,0.09445325387,0.8912927962,0.0575969804,3,2,2418
hierarq_ward_categs_constr_False-metapath_32d_4w_30l-hetgraph_act_categ_expnode2categs,41.92366576,38.60062313,190.2280138,0.001248662148,0.01154477346,0.7890929327,0.7836857726,0.0002006742655,0.00282228287,0.09445325387,0.8912927962,0.0575969804,4,77,10871
hierarq_ward_categs_constr_False-log_attrib_exp-not_filtered-with_constraint_col,98.99608397,40.2259922,299.207134,0.0003567606136,0.02029789511,0.7900204044,0.7833722871,0.00032114327,0.0102139617,0.02109322438,0.8203104222,0.4223814422,0,3260,3260
hierarq_ward_categs_constr_False-log_attrib_exp-not_filtered-with_constraint_col,98.99608397,40.2259922,299.207134,0.0003567606136,0.02029789511,0.7900204044,0.7833722871,0.00032114327,0.0102139617,0.02109322438,0.8203104222,0.4223814422,1,2346,2346
hierarq_ward_categs_constr_False-log_attrib_exp-not_filtered-with_constraint_col,98.99608397,40.2259922,299.207134,0.0003567606136,0.02029789511,0.7900204044,0.7833722871,0.00032114327,0.0102139617,0.02109322438,0.8203104222,0.4223814422,2,0,3308
hierarq_ward_categs_constr_False-log_attrib_exp-not_filtered-with_constraint_col,98.99608397,40.2259922,299.207134,0.0003567606136,0.02029789511,0.7900204044,0.7833722871,0.00032114327,0.0102139617,0.02109322438,0.8203104222,0.4223814422,3,0,2511
hierarq_ward_categs_constr_False-log_attrib_exp-not_filtered-with_constraint_col,98.99608397,40.2259922,299.207134,0.0003567606136,0.02029789511,0.7900204044,0.7833722871,0.00032114327,0.0102139617,0.02109322438,0.8203104222,0.4223814422,4,0,13486
hierarq_ward_categs_constr_False-act_tfidf_attrib_vec_bin-det_act-not_filtered-with_constraint_col,89.25167418,47.49545288,289.169909,0,0.001687477702,0.7644221851,0.7790873678,0.0007224273559,0.01548763847,0.02973411257,0.8136647397,0.4908442081,0,3220,3220
hierarq_ward_categs_constr_False-act_tfidf_attrib_vec_bin-det_act-not_filtered-with_constraint_col,89.25167418,47.49545288,289.169909,0,0.001687477702,0.7644221851,0.7790873678,0.0007224273559,0.01548763847,0.02973411257,0.8136647397,0.4908442081,1,2219,2219
hierarq_ward_categs_constr_False-act_tfidf_attrib_vec_bin-det_act-not_filtered-with_constraint_col,89.25167418,47.49545288,289.169909,0,0.001687477702,0.7644221851,0.7790873678,0.0007224273559,0.01548763847,0.02973411257,0.8136647397,0.4908442081,2,0,3253
hierarq_ward_categs_constr_False-act_tfidf_attrib_vec_bin-det_act-not_filtered-with_constraint_col,89.25167418,47.49545288,289.169909,0,0.001687477702,0.7644221851,0.7790873678,0.0007224273559,0.01548763847,0.02973411257,0.8136647397,0.4908442081,3,0,2570
hierarq_ward_categs_constr_False-act_tfidf_attrib_vec_bin-det_act-not_filtered-with_constraint_col,89.25167418,47.49545288,289.169909,0,0.001687477702,0.7644221851,0.7790873678,0.0007224273559,0.01548763847,0.02973411257,0.8136647397,0.4908442081,4,167,13654
hierarq_ward_categs_constr_False-log_attrib_exp_without_priority-not_filtered,79.8181901,48.81411886,287.6255822,0.01248662148,0.04241705316,0.7826006307,0.7791912447,0.0004415719963,0.00853036811,0.01960553502,0.8422368443,0.4790177825,0,39,3585
hierarq_ward_categs_constr_False-log_attrib_exp_without_priority-not_filtered,79.8181901,48.81411886,287.6255822,0.01248662148,0.04241705316,0.7826006307,0.7791912447,0.0004415719963,0.00853036811,0.01960553502,0.8422368443,0.4790177825,1,3348,3348
hierarq_ward_categs_constr_False-log_attrib_exp_without_priority-not_filtered,79.8181901,48.81411886,287.6255822,0.01248662148,0.04241705316,0.7826006307,0.7791912447,0.0004415719963,0.00853036811,0.01960553502,0.8422368443,0.4790177825,2,56,2725
hierarq_ward_categs_constr_False-log_attrib_exp_without_priority-not_filtered,79.8181901,48.81411886,287.6255822,0.01248662148,0.04241705316,0.7826006307,0.7791912447,0.0004415719963,0.00853036811,0.01960553502,0.8422368443,0.4790177825,3,14,2369
hierarq_ward_categs_constr_False-log_attrib_exp_without_priority-not_filtered,79.8181901,48.81411886,287.6255822,0.01248662148,0.04241705316,0.7826006307,0.7791912447,0.0004415719963,0.00853036811,0.01960553502,0.8422368443,0.4790177825,4,2149,12884
hierarq_ward_categs_constr_False-log_attrib_exp_without_priority-not_filtered-with_constraint_col,89.59204221,58.84680009,323.0171893,0.0003567606136,0.01605066001,0.7707289928,0.7824967538,0.0004014290876,0.01091565975,0.01916522363,0.8325555974,0.4188130002,0,3349,3349
hierarq_ward_categs_constr_False-log_attrib_exp_without_priority-not_filtered-with_constraint_col,89.59204221,58.84680009,323.0171893,0.0003567606136,0.01605066001,0.7707289928,0.7824967538,0.0004014290876,0.01091565975,0.01916522363,0.8325555974,0.4188130002,1,2257,2257
hierarq_ward_categs_constr_False-log_attrib_exp_without_priority-not_filtered-with_constraint_col,89.59204221,58.84680009,323.0171893,0.0003567606136,0.01605066001,0.7707289928,0.7824967538,0.0004014290876,0.01091565975,0.01916522363,0.8325555974,0.4188130002,2,0,3502
hierarq_ward_categs_constr_False-log_attrib_exp_without_priority-not_filtered-with_constraint_col,89.59204221,58.84680009,323.0171893,0.0003567606136,0.01605066001,0.7707289928,0.7824967538,0.0004014290876,0.01091565975,0.01916522363,0.8325555974,0.4188130002,3,0,2669
hierarq_ward_categs_constr_False-log_attrib_exp_without_priority-not_filtered-with_constraint_col,89.59204221,58.84680009,323.0171893,0.0003567606136,0.01605066001,0.7707289928,0.7824967538,0.0004014290876,0.01091565975,0.01916522363,0.8325555974,0.4188130002,4,0,13134
hierarq_ward_categs_constr_False-act_tfidf_attrib_vec_bin_without_priority-det_act-not_filtered,74.33167911,32.09747982,199.121769,0.0007135212273,0.02511951481,0.789278427,0.7808736784,0.0006421576497,0.01261277894,0.02148163773,0.8366929094,0.4472100459,0,0,3487
hierarq_ward_categs_constr_False-act_tfidf_attrib_vec_bin_without_priority-det_act-not_filtered,74.33167911,32.09747982,199.121769,0.0007135212273,0.02511951481,0.789278427,0.7808736784,0.0006421576497,0.01261277894,0.02148163773,0.8366929094,0.4472100459,1,3289,3289
hierarq_ward_categs_constr_False-act_tfidf_attrib_vec_bin_without_priority-det_act-not_filtered,74.33167911,32.09747982,199.121769,0.0007135212273,0.02511951481,0.789278427,0.7808736784,0.0006421576497,0.01261277894,0.02148163773,0.8366929094,0.4472100459,2,24,2677
hierarq_ward_categs_constr_False-act_tfidf_attrib_vec_bin_without_priority-det_act-not_filtered,74.33167911,32.09747982,199.121769,0.0007135212273,0.02511951481,0.789278427,0.7808736784,0.0006421576497,0.01261277894,0.02148163773,0.8366929094,0.4472100459,3,17,2407
hierarq_ward_categs_constr_False-act_tfidf_attrib_vec_bin_without_priority-det_act-not_filtered,74.33167911,32.09747982,199.121769,0.0007135212273,0.02511951481,0.789278427,0.7808736784,0.0006421576497,0.01261277894,0.02148163773,0.8366929094,0.4472100459,4,2276,13056
hierarq_ward_categs_constr_False-act_tfidf_attrib_vec_bin_without_priority-det_act-not_filtered-with_constraint_col,56.66897416,40.049196,197.8180501,0,0.00103460578,0.7788907438,0.7784307179,0.0004414833842,0.009474634773,0.02009014305,0.8924410934,0,0,5606,5606
hierarq_ward_categs_constr_False-act_tfidf_attrib_vec_bin_without_priority-det_act-not_filtered-with_constraint_col,56.66897416,40.049196,197.8180501,0,0.00103460578,0.7788907438,0.7784307179,0.0004414833842,0.009474634773,0.02009014305,0.8924410934,0,1,0,3444
hierarq_ward_categs_constr_False-act_tfidf_attrib_vec_bin_without_priority-det_act-not_filtered-with_constraint_col,56.66897416,40.049196,197.8180501,0,0.00103460578,0.7788907438,0.7784307179,0.0004414833842,0.009474634773,0.02009014305,0.8924410934,0,2,0,2683
hierarq_ward_categs_constr_False-act_tfidf_attrib_vec_bin_without_priority-det_act-not_filtered-with_constraint_col,56.66897416,40.049196,197.8180501,0,0.00103460578,0.7788907438,0.7784307179,0.0004414833842,0.009474634773,0.02009014305,0.8924410934,0,3,0,2389
hierarq_ward_categs_constr_False-act_tfidf_attrib_vec_bin_without_priority-det_act-not_filtered-with_constraint_col,56.66897416,40.049196,197.8180501,0,0.00103460578,0.7788907438,0.7784307179,0.0004414833842,0.009474634773,0.02009014305,0.8924410934,0,4,0,10794